INSERT INTO roles (role_name) VALUES
                                  ('Администратор'),
                                  ('Менеджер'),
                                  ('Авторизованный клиент');

INSERT INTO users (full_name, login, password_hash, role_id) VALUES
                                                                 ('Никифорова Весения Николаевна','94d5ous@gmail.com','uzWC67',1),
                                                                 ('Сазонов Руслан Германович','uth4iz@mail.com','2L6KZG',1),
                                                                 ('Одинцов Серафим Артёмович','yzls62@outlook.com','JIFRCZ',1),

                                                                 ('Степанов Михаил Артёмович','1diph5e@tutanota.com','8ntwUp',2),
                                                                 ('Ворсин Петр Евгеньевич','tjde7c@yahoo.com','YOyhFR',2),
                                                                 ('Старикова Елена Павловна','wpmrc3do@tutanota.com','RSbvHv',2),

                                                                 ('Михайлюк Анна Вячеславовна','5d4zbu@tutanota.com','rwVDh9',3),
                                                                 ('Ситдикова Елена Анатольевна','pte8ym@yahoo.com','LdNyos',3),
                                                                 ('Ворсин Петр Евгеньевич','1qz4kw@mail.com','gynQMT',3),
                                                                 ('Старикова Елена Павловна','4np6se@mail.com','AtnDjr',3);


INSERT INTO units (unit_name) VALUES ('шт.');

INSERT INTO categories (category_name) VALUES
                                           ('Женская обувь'),
                                           ('Мужская обувь');


INSERT INTO suppliers (supplier_name) VALUES
                                          ('Kari'),
                                          ('Обувь для вас');

INSERT INTO manufacturers (manufacturer_name) VALUES
                                                  ('Kari'),
                                                  ('Marco Tozzi'),
                                                  ('Рос'),
                                                  ('Rieker'),
                                                  ('Alessio Nesca'),
                                                  ('CROSBY');


INSERT INTO pickup_points (address) VALUES
                                        ('420151, г. Лесной, ул. Вишневая, 32'),
                                        ('125061, г. Лесной, ул. Подгорная, 8'),
                                        ('630370, г. Лесной, ул. Шоссейная, 24'),
                                        ('400562, г. Лесной, ул. Зеленая, 32'),
                                        ('614510, г. Лесной, ул. Маяковского, 47'),
                                        ('410542, г. Лесной, ул. Светлая, 46'),
                                        ('620839, г. Лесной, ул. Цветочная, 8'),
                                        ('443890, г. Лесной, ул. Коммунистическая, 1'),
                                        ('603379, г. Лесной, ул. Спортивная, 46'),
                                        ('603721, г. Лесной, ул. Гоголя, 41'),
                                        ('410172, г. Лесной, ул. Северная, 13'),
                                        ('614611, г. Лесной, ул. Молодежная, 50'),
                                        ('454311, г. Лесной, ул. Новая, 19'),
                                        ('660007, г. Лесной, ул. Октябрьская, 19'),
                                        ('603036, г. Лесной, ул. Садовая, 4'),
                                        ('394060, г. Лесной, ул. Фрунзе, 43'),
                                        ('410661, г. Лесной, ул. Школьная, 50'),
                                        ('625590, г. Лесной, ул. Коммунистическая, 20'),
                                        ('625683, г. Лесной, ул. 8 Марта'),
                                        ('450983, г. Лесной, ул. Комсомольская, 26'),
                                        ('394782, г. Лесной, ул. Чехова, 3');

INSERT INTO products
(article,name,unit_id,price,supplier_id,manufacturer_id,category_id,discount,stock_quantity,description,image_path)
VALUES
    ('А112Т4','Ботинки',1,4990,1,1,1,3,6,'Женские Ботинки демисезонные kari','1.jpg'),
    ('F635R4','Ботинки',1,3244,2,2,1,2,13,'Ботинки Marco Tozzi женские демисезонные, размер 39, цвет бежевый','2.jpg'),
    ('H782T5','Туфли',1,4499,1,1,2,4,5,'Туфли kari мужские классика MYZ21AW-450A, размер 43, цвет: черный','3.jpg'),
    ('G783F5','Ботинки',1,5900,1,3,2,2,8,'Мужские ботинки Рос-Обувь кожаные с натуральным мехом','4.jpg'),
    ('J384T6','Ботинки',1,3800,2,4,2,2,16,'B3430/14 Полуботинки мужские Rieker','5.jpg'),
    ('D572U8','Кроссовки',1,4100,2,3,2,3,6,'129615-4 Кроссовки мужские','6.jpg'),
    ('F572H7','Туфли',1,2700,1,2,1,2,14,'Туфли Marco Tozzi женские летние, размер 39, цвет черный','7.jpg'),
    ('D329H3','Полуботинки',1,1890,2,5,1,4,4,'Полуботинки Alessio Nesca женские 3-30797-47, размер 37, цвет: бордовый','8.jpg'),
    ('B320R5','Туфли',1,4300,1,4,1,2,6,'Туфли Rieker женские демисезонные, размер 41, цвет коричневый','9.jpg'),
    ('G432E4','Туфли',1,2800,1,1,1,3,15,'Туфли kari женские TR-YR-413017, размер 37, цвет: черный','10.jpg'),
    ('S213E3','Полуботинки',1,2156,2,6,2,3,6,'407700/01-01 Полуботинки мужские CROSBY',NULL),
    ('E482R4','Полуботинки',1,1800,1,1,1,2,14,'Полуботинки kari женские MYZ20S-149, размер 41, цвет: черный',NULL),
    ('S634B5','Кеды',1,5500,2,6,2,3,0,'Кеды Caprice мужские демисезонные, размер 42, цвет черный',NULL),
    ('K345R4','Полуботинки',1,2100,2,6,2,2,3,'407700/01-02 Полуботинки мужские CROSBY',NULL),
    ('O754F4','Туфли',1,5400,2,4,1,4,18,'Туфли женские демисезонные Rieker артикул 55073-68/37',NULL),
    ('G531F4','Ботинки',1,6600,1,1,1,12,9,'Ботинки женские зимние ROMER арт. 893167-01 Черный',NULL),
    ('J542F5','Тапочки',1,500,1,1,2,13,0,'Тапочки мужские Арт.70701-55-67син р.41',NULL),
    ('B431R5','Ботинки',1,2700,2,4,2,2,5,'Мужские кожаные ботинки/мужские ботинки',NULL),
    ('P764G4','Туфли',1,6800,1,6,1,15,15,'Туфли женские, ARGO, размер 38',NULL),
    ('C436G5','Ботинки',1,10200,1,5,1,15,9,'Ботинки женские, ARGO, размер 40',NULL),
    ('F427R5','Ботинки',1,11800,2,4,1,15,11,'Ботинки на молнии с декоративной пряжкой FRAU',NULL),
    ('N457T5','Полуботинки',1,4600,1,6,1,3,13,'Полуботинки Ботинки черные зимние, мех',NULL),
    ('D364R4','Туфли',1,12400,1,1,1,16,5,'Туфли Luiza Belly женские Kate-lazo черные из натуральной замши',NULL),
    ('S326R5','Тапочки',1,9900,2,6,2,17,15,'Мужские кожаные тапочки "Профиль С.Дали"',NULL),
    ('L754R4','Полуботинки',1,1700,1,1,1,2,7,'Полуботинки kari женские WB2020SS-26, размер 38, цвет: черный',NULL),
    ('M542T5','Кроссовки',1,2800,2,4,2,18,3,'Кроссовки мужские TOFA',NULL),
    ('D268G5','Туфли',1,4399,2,4,1,3,12,'Туфли Rieker женские демисезонные, размер 36, цвет коричневый',NULL),
    ('T324F5','Сапоги',1,4699,1,6,1,2,5,'Сапоги замша Цвет: синий',NULL),
    ('K358H6','Тапочки',1,599,1,4,2,20,2,'Тапочки мужские син р.41',NULL),
    ('H535R5','Ботинки',1,2300,2,4,1,2,7,'Женские Ботинки демисезонные',NULL);

INSERT INTO order_statuses (status_name) VALUES
                                             ('Завершен'),
                                             ('Новый');

INSERT INTO orders
(article_number, user_id, status_id, pickup_point_id, pickup_code, order_date, pickup_date)
VALUES
    ('1',4,1,1,'901','2025-02-27','2025-04-20'),
    ('2',1,1,11,'902','2022-09-28','2025-04-21'),
    ('3',2,1,2,'903','2025-03-21','2025-04-22'),
    ('4',3,1,11,'904','2025-02-20','2025-04-23'),
    ('5',4,1,2,'905','2025-03-17','2025-04-24'),
    ('6',1,1,15,'906','2025-03-01','2025-04-25'),
    ('7',2,1,3,'907','2025-02-28','2025-04-26'),
    ('8',3,2,19,'908','2025-03-31','2025-04-27'),
    ('9',4,2,5,'909','2025-04-02','2025-04-28'),
    ('10',4,2,19,'910','2025-04-03','2025-04-29');

INSERT INTO order_items (order_id, product_id, quantity) VALUES
                                                             (1, (SELECT product_id FROM products WHERE article='А112Т4'), 2),
                                                             (1, (SELECT product_id FROM products WHERE article='F635R4'), 2),

                                                             (2, (SELECT product_id FROM products WHERE article='H782T5'), 1),
                                                             (2, (SELECT product_id FROM products WHERE article='G783F5'), 1),

                                                             (3, (SELECT product_id FROM products WHERE article='J384T6'), 10),
                                                             (3, (SELECT product_id FROM products WHERE article='D572U8'), 10),

                                                             (4, (SELECT product_id FROM products WHERE article='F572H7'), 5),
                                                             (4, (SELECT product_id FROM products WHERE article='D329H3'), 4),

                                                             (5, (SELECT product_id FROM products WHERE article='А112Т4'), 2),
                                                             (5, (SELECT product_id FROM products WHERE article='F635R4'), 2),

                                                             (6, (SELECT product_id FROM products WHERE article='H782T5'), 1),
                                                             (6, (SELECT product_id FROM products WHERE article='G783F5'), 1),

                                                             (7, (SELECT product_id FROM products WHERE article='J384T6'), 10),
                                                             (7, (SELECT product_id FROM products WHERE article='D572U8'), 10),

                                                             (8, (SELECT product_id FROM products WHERE article='F572H7'), 5),
                                                             (8, (SELECT product_id FROM products WHERE article='D329H3'), 4),

                                                             (9, (SELECT product_id FROM products WHERE article='B320R5'), 5),
                                                             (9, (SELECT product_id FROM products WHERE article='G432E4'), 1),

                                                             (10, (SELECT product_id FROM products WHERE article='S213E3'), 5),
                                                             (10, (SELECT product_id FROM products WHERE article='E482R4'), 5);


